{
  "emb_size": 102,
  "hidden_size": 200,
  "learning_rate": 2.752148483587152e-05,
  "dropout": 0.2801012604173539
}